time,mode,x0,y0,z0,x1,y1,z1,x2,y2,z2,x3,y3,z3,x4,y4,z4,x5,y5,z5,x6,y6,z6,x7,y7,z7,x8,y8,z8,x9,y9,z9,x10,y10,z10,x11,y11,z11,x12,y12,z12,x13,y13,z13,x14,y14,z14,x15,y15,z15,x16,y16,z16,x17,y17,z17,x18,y18,z18,x19,y19,z19,x20,y20,z20,x21,y21,z21,x22,y22,z22,x23,y23,z23,x24,y24,z24,x25,y25,z25,x26,y26,z26,x27,y27,z27,x28,y28,z28,x29,y29,z29,x30,y30,z30,x31,y31,z31,x32,y32,z32
12.7985,pushup,0.43043094873428345,0.27359873056411743,-1.0793834924697876,0.46413785219192505,0.1747715324163437,-1.0466328859329224,0.48594650626182556,0.17281225323677063,-1.04646897315979,0.5060467720031738,0.17168688774108887,-1.0463149547576904,0.40150395035743713,0.18465720117092133,-1.0303910970687866,0.3844055235385895,0.1871497482061386,-1.0297520160675049,0.3676225543022156,0.18904872238636017,-1.0301580429077148,0.538648247718811,0.19992847740650177,-0.7153543829917908,0.3620617985725403,0.21206936240196228,-0.6250685453414917,0.478536456823349,0.3570656180381775,-0.9467971920967102,0.40445202589035034,0.36645591259002686,-0.9215852618217468,0.6945961713790894,0.6514413356781006,-0.4586147665977478,0.22908687591552734,0.6235663294792175,-0.37355750799179077,0.8071601986885071,1.3116602897644043,-0.9139609336853027,0.07224062830209732,1.0782452821731567,-0.2841542661190033,0.6908617615699768,0.8675593137741089,-1.5507752895355225,0.01560983620584011,1.737369418144226,-0.5191470384597778,0.6760582327842712,0.7305945754051208,-1.6769031286239624,-0.023416858166456223,1.8987056016921997,-0.5622071027755737,0.6531562209129333,0.6439732909202576,-1.584608793258667,0.014242542907595634,1.9048494100570679,-0.6449348330497742,0.6316264867782593,0.6801750063896179,-1.5368280410766602,0.04061317443847656,1.8539657592773438,-0.5652769804000854,0.5917013883590698,1.7412422895431519,-0.08909188956022263,0.3068748712539673,1.7660598754882812,0.09472973644733429,0.5757670998573303,2.6772584915161133,0.0020468805450946093,0.2897944748401642,2.6580770015716553,0.1400672197341919,0.5811084508895874,3.490203857421875,0.7546242475509644,0.31020912528038025,3.4716267585754395,0.6655231714248657,0.5906420350074768,3.61142635345459,0.7982486486434937,0.3084942102432251,3.5901832580566406,0.703262209892273,0.5304326415061951,3.7587735652923584,0.20249319076538086,0.3487705588340759,3.7464184761047363,0.04743316024541855
12.925,pushup,0.4273361563682556,0.274567186832428,-0.9823701977729797,0.4625440239906311,0.17310026288032532,-0.9540514945983887,0.48564520478248596,0.16801273822784424,-0.9543372392654419,0.5064322352409363,0.1651012897491455,-0.9544194340705872,0.3985370397567749,0.18541009724140167,-0.9259392023086548,0.3823886513710022,0.18759801983833313,-0.9253937602043152,0.3659215569496155,0.18916712701320648,-0.9260972142219543,0.5395592451095581,0.19361306726932526,-0.6710067987442017,0.36230337619781494,0.207469180226326,-0.49524110555648804,0.4786323606967926,0.3571990132331848,-0.8600547909736633,0.4028695523738861,0.36849090456962585,-0.8164471387863159,0.7058171033859253,0.6813353300094604,-0.43463486433029175,0.23002472519874573,0.6223616003990173,-0.2835398316383362,0.7967644929885864,1.3010873794555664,-0.8122717142105103,0.08878971636295319,1.1033270359039307,-0.2195088118314743,0.7423621416091919,1.1613428592681885,-1.5562827587127686,0.0370948500931263,1.7672861814498901,-0.5694042444229126,0.7797790765762329,1.0112742185592651,-1.6991138458251953,0.004219921305775642,1.9356380701065063,-0.6412404775619507,0.7534673810005188,0.945956826210022,-1.6726678609848022,0.048711489886045456,1.9332540035247803,-0.7074228525161743,0.737360417842865,0.9712949991226196,-1.5732485055923462,0.07171637564897537,1.8777670860290527,-0.613890528678894,0.59282386302948,1.7942191362380981,-0.09252043068408966,0.308149129152298,1.8073183298110962,0.0979684516787529,0.5770078897476196,2.722179412841797,-0.06883887946605682,0.29029834270477295,2.6903557777404785,-0.04032314196228981,0.5812827348709106,3.542569875717163,0.6089557409286499,0.308332622051239,3.5169548988342285,0.384845107793808,0.5909483432769775,3.672266960144043,0.6416533589363098,0.30593961477279663,3.6438252925872803,0.4101402759552002,0.5294592380523682,3.8082313537597656,-0.01759067364037037,0.34660497307777405,3.786597967147827,-0.2852316200733185
13.0684,pushup,0.42610257863998413,0.27308326959609985,-0.8797505497932434,0.4613017439842224,0.17120681703090668,-0.8484840393066406,0.4846278131008148,0.16574443876743317,-0.8484386205673218,0.5059298276901245,0.1624760627746582,-0.8490862846374512,0.39804935455322266,0.1837041825056076,-0.8311806917190552,0.3818587064743042,0.18595102429389954,-0.8304746747016907,0.36567240953445435,0.1875169575214386,-0.830854058265686,0.5400874614715576,0.1887286901473999,-0.5474256277084351,0.36261048913002014,0.2052750438451767,-0.43938928842544556,0.4780588746070862,0.3553003668785095,-0.7590428590774536,0.40105533599853516,0.3666345477104187,-0.7280394434928894,0.7046996355056763,0.67635178565979,-0.36500516533851624,0.2335440218448639,0.6193535327911377,-0.27529770135879517,0.7796546220779419,1.2787787914276123,-0.3012441396713257,0.09920541942119598,1.088443636894226,-0.1829225867986679,0.7991238236427307,1.707430124282837,-0.5094107389450073,0.04875599965453148,1.7087156772613525,-0.5291808843612671,0.8478255271911621,1.870859146118164,-0.5964733362197876,0.008874138817191124,1.8765283823013306,-0.6270520091056824,0.8062537312507629,1.8918412923812866,-0.6643110513687134,0.054975200444459915,1.8685133457183838,-0.717553973197937,0.7795245051383972,1.8339451551437378,-0.5541995763778687,0.07977180182933807,1.8200573921203613,-0.5871807336807251,0.5910292863845825,1.781148076057434,-0.09032835066318512,0.3043418824672699,1.7661089897155762,0.09541665017604828,0.572675883769989,2.7065632343292236,-0.040552180260419846,0.28582102060317993,2.6836769580841064,0.119563028216362,0.5657241940498352,3.5133886337280273,0.6211532950401306,0.2904330790042877,3.5089406967163086,0.5484495759010315,0.5747880935668945,3.6404941082000732,0.65416419506073,0.28739747405052185,3.6276655197143555,0.5761629939079285,0.5049036741256714,3.786388874053955,0.07605911791324615,0.31857842206954956,3.7724215984344482,-0.04729308933019638
13.2338,pushup,0.4247015416622162,0.272224485874176,-0.8547388315200806,0.4606781601905823,0.17038637399673462,-0.8234217762947083,0.4840608537197113,0.16424386203289032,-0.8234524726867676,0.5056618452072144,0.16029050946235657,-0.8241087198257446,0.39791005849838257,0.18331529200077057,-0.8046329617500305,0.38170766830444336,0.18570619821548462,-0.8039477467536926,0.36569875478744507,0.1870875209569931,-0.8044007420539856,0.540422797203064,0.1833781599998474,-0.5238239169120789,0.36311566829681396,0.20374828577041626,-0.4148251414299011,0.4766947329044342,0.3544371426105499,-0.7364978790283203,0.39958077669143677,0.3637542724609375,-0.704308807849884,0.7021151185035706,0.6732107400894165,-0.34235334396362305,0.236329585313797,0.6130272150039673,-0.25794658064842224,0.7692104578018188,1.2735240459442139,-0.3000316023826599,0.10611702501773834,1.0745325088500977,-0.17698189616203308,0.7981098890304565,1.7415286302566528,-0.49783000349998474,0.04652278125286102,1.6982795000076294,-0.5337111949920654,0.8413540124893188,1.8930716514587402,-0.5849127173423767,0.0035863849334418774,1.8538470268249512,-0.6454963684082031,0.7966057658195496,1.914962649345398,-0.6520418524742126,0.04819585755467415,1.8528845310211182,-0.753570020198822,0.7698211073875427,1.8542170524597168,-0.5416845083236694,0.07421107590198517,1.806101679801941,-0.5973596572875977,0.5882365703582764,1.7748456001281738,-0.09197277575731277,0.30279240012168884,1.7829920053482056,0.09666941314935684,0.5686696171760559,2.693061351776123,-0.06340907514095306,0.2818949818611145,2.6739890575408936,0.1305692046880722,0.5580278038978577,3.504525661468506,0.5558815598487854,0.2784338891506195,3.498793125152588,0.5281104445457458,0.5669381022453308,3.6291706562042236,0.5866100788116455,0.2741321325302124,3.6184842586517334,0.5530108213424683,0.49461793899536133,3.7708044052124023,0.02871565893292427,0.30314168334007263,3.746697425842285,-0.06493597477674484
13.3684,pushup,0.4145079553127289,0.2690204977989197,-0.8370484113693237,0.45344558358192444,0.16832929849624634,-0.8186291456222534,0.47798600792884827,0.16290295124053955,-0.8187447786331177,0.500740647315979,0.15948712825775146,-0.8186699748039246,0.39495888352394104,0.18214982748031616,-0.7759397029876709,0.37991100549697876,0.18490882217884064,-0.77525395154953,0.3645167648792267,0.18654999136924744,-0.7760078310966492,0.5405834317207336,0.18089886009693146,-0.5622152090072632,0.3678198754787445,0.20278654992580414,-0.36223122477531433,0.4675261080265045,0.3529841899871826,-0.7342413663864136,0.3938365876674652,0.36036232113838196,-0.672484278678894,0.7015360593795776,0.6837474703788757,-0.396942675113678,0.24604924023151398,0.6115185618400574,-0.1626458615064621,0.7305775284767151,1.1659083366394043,-0.8184112310409546,0.10346940904855728,1.0744009017944336,-0.164211243391037,0.6685598492622375,0.9702303409576416,-1.4252253770828247,0.0516081340610981,1.7071889638900757,-0.5235303044319153,0.6711057424545288,0.8884809017181396,-1.5579493045806885,0.01398755144327879,1.8698385953903198,-0.5985133647918701,0.6593449115753174,0.8033024072647095,-1.5132966041564941,0.05642836168408394,1.8675678968429565,-0.6754313111305237,0.6687444448471069,0.9947888851165771,-1.4325199127197266,0.08117454499006271,1.816732406616211,-0.5723334550857544,0.5869840383529663,1.7811856269836426,-0.11175384372472763,0.30388399958610535,1.798196792602539,0.1170116439461708,0.5640136003494263,2.702576160430908,-0.18093441426753998,0.28077206015586853,2.667586326599121,-0.008274311199784279,0.5603371858596802,3.5251104831695557,0.3381665349006653,0.28052228689193726,3.5018913745880127,0.29994839429855347,0.5707815885543823,3.6536173820495605,0.35585469007492065,0.2765609622001648,3.6322500705718994,0.3148392140865326,0.49613791704177856,3.7846791744232178,-0.26449114084243774,0.3059318959712982,3.7556231021881104,-0.335574746131897
13.5044,pushup,0.4152151644229889,0.26855409145355225,-0.8175360560417175,0.45426398515701294,0.16821111738681793,-0.7852596044540405,0.47868674993515015,0.16256506741046906,-0.7850619554519653,0.5012696981430054,0.15891791880130768,-0.7847937345504761,0.39536869525909424,0.18213839828968048,-0.7570264339447021,0.38032445311546326,0.18504683673381805,-0.7560931444168091,0.36495476961135864,0.18700163066387177,-0.756345808506012,0.5407618284225464,0.18211084604263306,-0.4877161383628845,0.36783748865127563,0.20394234359264374,-0.3504902124404907,0.4677882194519043,0.3522213101387024,-0.7030114531517029,0.3938736319541931,0.3601067066192627,-0.6636538505554199,0.6964670419692993,0.6626982688903809,-0.3283880352973938,0.24588413536548615,0.6110861301422119,-0.11598445475101471,0.7488582134246826,1.371855616569519,-0.7492453455924988,0.10231129080057144,1.0914626121520996,-0.04873930290341377,0.644583523273468,0.8019528985023499,-1.2121917009353638,0.054905377328395844,1.7225019931793213,-0.35647711157798767,0.614523708820343,0.6480969786643982,-1.3306440114974976,0.016656139865517616,1.887436032295227,-0.40693479776382446,0.6090232729911804,0.5759695768356323,-1.1596096754074097,0.057798437774181366,1.8792494535446167,-0.4922531545162201,0.6037423014640808,0.620628297328949,-1.1837571859359741,0.08337081223726273,1.8263651132583618,-0.4105148911476135,0.587634265422821,1.7736715078353882,-0.11187994480133057,0.3053148686885834,1.790624976158142,0.11766555160284042,0.5688067078590393,2.6997873783111572,-0.22800283133983612,0.2857967019081116,2.6641042232513428,0.06703681498765945,0.581494152545929,3.5307555198669434,0.3496915102005005,0.3111070394515991,3.4962806701660156,0.40608692169189453,0.5971304178237915,3.657269239425659,0.38419467210769653,0.30653199553489685,3.6285762786865234,0.431331068277359,0.5175519585609436,3.791015386581421,-0.2067795693874359,0.3514993488788605,3.758714199066162,-0.2012571394443512
13.6453,pushup,0.4157826006412506,0.26836103200912476,-0.7612598538398743,0.45435160398483276,0.16884388029575348,-0.7336333990097046,0.4788125157356262,0.1633206605911255,-0.7335335612297058,0.5013145804405212,0.1596432328224182,-0.7334853410720825,0.3955337703227997,0.18216827511787415,-0.7042171955108643,0.3806605041027069,0.18511176109313965,-0.7033870220184326,0.3655300736427307,0.1870952546596527,-0.7037875652313232,0.5408509969711304,0.18343482911586761,-0.4508187174797058,0.3682019114494324,0.20455537736415863,-0.30800163745880127,0.46785417199134827,0.3526105582714081,-0.6538359522819519,0.3938903212547302,0.3600330352783203,-0.6121020317077637,0.689273476600647,0.6393693089485168,-0.30463865399360657,0.24478688836097717,0.6156667470932007,-0.08001530170440674,0.7571142911911011,1.3385719060897827,-0.7809566259384155,0.10211948305368423,1.0881788730621338,-0.013571898452937603,0.6007418036460876,0.7252350449562073,-1.1957416534423828,0.05257929116487503,1.7114828824996948,-0.32600870728492737,0.5680826902389526,0.552100419998169,-1.3097805976867676,0.004411168396472931,1.8791027069091797,-0.3816189765930176,0.5686330199241638,0.5083718299865723,-1.156678318977356,0.041693441569805145,1.8646245002746582,-0.47055307030677795,0.5677598714828491,0.5743470191955566,-1.1557238101959229,0.07298223674297333,1.8146470785140991,-0.3807482123374939,0.5863599181175232,1.769288182258606,-0.116494320333004,0.30606406927108765,1.7808009386062622,0.12211312353610992,0.5690149068832397,2.696451425552368,-0.20030097663402557,0.28664278984069824,2.661200761795044,0.005720874294638634,0.5795146822929382,3.525779962539673,0.3157197833061218,0.31093183159828186,3.4922780990600586,0.2715032696723938,0.5945299863815308,3.6524696350097656,0.3357078731060028,0.3064101040363312,3.6229522228240967,0.28480178117752075,0.5152493715286255,3.7881195545196533,-0.27722376585006714,0.3472139239311218,3.7576751708984375,-0.3667224049568176
13.8006,pushup,0.4178773760795593,0.2681069076061249,-0.8350846171379089,0.4545578062534332,0.16864502429962158,-0.7939358949661255,0.47890645265579224,0.16289980709552765,-0.7942853569984436,0.5013855695724487,0.15892986953258514,-0.7956492900848389,0.39574480056762695,0.1820245385169983,-0.7932011485099792,0.3808823525905609,0.18499420583248138,-0.7927896976470947,0.36587318778038025,0.18700124323368073,-0.7934104204177856,0.5407107472419739,0.18128937482833862,-0.4720606207847595,0.36806800961494446,0.20432598888874054,-0.42216062545776367,0.470245897769928,0.35135790705680847,-0.7099083065986633,0.3950195610523224,0.3591706454753876,-0.6956506967544556,0.689211905002594,0.6559849977493286,-0.3040480315685272,0.24450862407684326,0.6209114789962769,-0.2963322699069977,0.7602382898330688,1.0698062181472778,-0.3133801817893982,0.10911701619625092,1.102363109588623,-0.28384146094322205,0.8586217761039734,1.6548266410827637,-0.6061688661575317,0.0661129280924797,1.7125312089920044,-0.7056659460067749,0.9108244776725769,1.7933024168014526,-0.7024753093719482,0.024160340428352356,1.8773152828216553,-0.8231476545333862,0.8702301979064941,1.81797194480896,-0.7838633060455322,0.07254277169704437,1.8784111738204956,-0.9222235679626465,0.8398582339286804,1.7651562690734863,-0.6591252088546753,0.09714708477258682,1.823522925376892,-0.7658005952835083,0.5852129459381104,1.7629916667938232,-0.07872992753982544,0.30617833137512207,1.7812812328338623,0.08341163396835327,0.5754656791687012,2.675720453262329,-0.05059921741485596,0.294008731842041,2.6600332260131836,0.08322961628437042,0.582187831401825,3.504969596862793,0.5665977001190186,0.31230810284614563,3.4891622066497803,0.4638020396232605,0.5952483415603638,3.6386568546295166,0.5981552004814148,0.3078688681125641,3.619396924972534,0.485131174325943,0.5245621204376221,3.7556867599487305,0.04118760675191879,0.34777355194091797,3.74863338470459,-0.1284000426530838
13.9661,pushup,0.41848382353782654,0.26925209164619446,-0.9357427358627319,0.454583078622818,0.17216019332408905,-0.8950115442276001,0.478563129901886,0.1665550321340561,-0.89509117603302,0.5008460283279419,0.16193240880966187,-0.8954554796218872,0.3959071636199951,0.1841421127319336,-0.8813103437423706,0.3809926211833954,0.1869884431362152,-0.88069087266922,0.3660403788089752,0.18894445896148682,-0.881184458732605,0.5395570993423462,0.18206173181533813,-0.546081006526947,0.3679933249950409,0.2056722790002823,-0.47737544775009155,0.4700135588645935,0.351557195186615,-0.8029564023017883,0.39507776498794556,0.3594968914985657,-0.7793421745300293,0.689026951789856,0.6595814824104309,-0.30708950757980347,0.2448316365480423,0.6188541650772095,-0.3074314296245575,0.7458046078681946,1.126409888267517,-0.21548810601234436,0.10994362831115723,1.0561325550079346,-0.23001594841480255,0.7903884649276733,1.7077997922897339,-0.4252094626426697,0.06657333672046661,1.634134292602539,-0.5934091806411743,0.8237215280532837,1.8518263101577759,-0.5027107000350952,0.02799886092543602,1.7637368440628052,-0.6838903427124023,0.788794994354248,1.8786770105361938,-0.5830607414245605,0.07350964099168777,1.7871568202972412,-0.780068039894104,0.7670444250106812,1.8204466104507446,-0.474883496761322,0.0964190810918808,1.7375733852386475,-0.6492839455604553,0.5865961909294128,1.7384425401687622,-0.06780111789703369,0.30954182147979736,1.7802071571350098,0.07216078042984009,0.57328861951828,2.6345834732055664,-0.028433695435523987,0.2944665253162384,2.6197457313537598,0.08776827156543732,0.5688941478729248,3.4535818099975586,0.5991248488426208,0.2995595335960388,3.4401934146881104,0.49704718589782715,0.5783059000968933,3.584529399871826,0.6300164461135864,0.2945748269557953,3.5748798847198486,0.520806074142456,0.5096691846847534,3.697493076324463,0.04624442756175995,0.3314109742641449,3.679189682006836,-0.12433580309152603
14.1264,pushup,0.41842174530029297,0.276543527841568,-0.9088538885116577,0.4539732038974762,0.1794426441192627,-0.8728431463241577,0.4773356318473816,0.1740826666355133,-0.8730926513671875,0.4993270933628082,0.16850219666957855,-0.8737093806266785,0.3959285318851471,0.190715953707695,-0.8582659959793091,0.3814270794391632,0.1932709813117981,-0.857751727104187,0.36737874150276184,0.19583630561828613,-0.8584221005439758,0.5377250909805298,0.18622173368930817,-0.5400407910346985,0.37017175555229187,0.2114458978176117,-0.46275296807289124,0.46872106194496155,0.3576584756374359,-0.7789254188537598,0.3950820863246918,0.3662264943122864,-0.7547174096107483,0.6872609853744507,0.6591116189956665,-0.30552542209625244,0.25087910890579224,0.6141220331192017,-0.2933366298675537,0.7360694408416748,1.0918307304382324,-0.27815118432044983,0.1163383275270462,1.0472111701965332,-0.22805948555469513,0.7849152684211731,1.6215120553970337,-0.5612624883651733,0.07348421961069107,1.612447738647461,-0.6035670042037964,0.821830153465271,1.7406573295593262,-0.6531989574432373,0.03632495179772377,1.746034026145935,-0.7139807343482971,0.7876604795455933,1.7514677047729492,-0.6978830099105835,0.08423114567995071,1.7733615636825562,-0.8087131381034851,0.7632477879524231,1.7066570520401,-0.6035441756248474,0.10698048770427704,1.7240757942199707,-0.6617036461830139,0.584130048751831,1.7321937084197998,-0.0637015700340271,0.3110973536968231,1.77897047996521,0.06829933822154999,0.5692976713180542,2.631460666656494,-0.11728646606206894,0.2917897701263428,2.607513189315796,0.012473850511014462,0.563130259513855,3.4523251056671143,0.3841966688632965,0.29340118169784546,3.4276161193847656,0.2841590940952301,0.5722809433937073,3.582144260406494,0.4028409421443939,0.2886784076690674,3.559070587158203,0.2927570044994354,0.5022597908973694,3.6957783699035645,-0.1854420006275177,0.32557448744773865,3.6720337867736816,-0.3324161469936371
14.2873,pushup,0.4203747808933258,0.29065772891044617,-0.9078549146652222,0.4550546109676361,0.19610729813575745,-0.8694831728935242,0.476945698261261,0.1929883062839508,-0.8695899844169617,0.49778836965560913,0.19009749591350555,-0.8699884414672852,0.3992070257663727,0.20443379878997803,-0.852957546710968,0.38445845246315,0.20550169050693512,-0.8522549867630005,0.3727840185165405,0.2077101171016693,-0.8528227806091309,0.5358462929725647,0.20993563532829285,-0.5126354098320007,0.37283098697662354,0.22812506556510925,-0.3959539830684662,0.4680684208869934,0.3736739754676819,-0.7768166065216064,0.39685261249542236,0.3754708170890808,-0.7474861145019531,0.6626613736152649,0.639529287815094,-0.30246201157569885,0.2592051327228546,0.614503026008606,-0.09420877695083618,0.7414281964302063,1.1820005178451538,-0.8094342947006226,0.12715385854244232,1.065432071685791,-0.10059899091720581,0.599962592124939,0.6588035821914673,-1.3983781337738037,0.07564540207386017,1.606146216392517,-0.597314715385437,0.5672222375869751,0.5003587603569031,-1.5450867414474487,0.03596598654985428,1.7533119916915894,-0.6895691156387329,0.5709497332572937,0.46095961332321167,-1.4390894174575806,0.08034273982048035,1.7555750608444214,-0.7797844409942627,0.5709888339042664,0.5267067551612854,-1.3797624111175537,0.10351933538913727,1.707843542098999,-0.6505884528160095,0.576694130897522,1.7242028713226318,-0.08445478975772858,0.31147265434265137,1.7561835050582886,0.08976854383945465,0.5671950578689575,2.6307363510131836,-0.22963181138038635,0.2926830053329468,2.5878822803497314,-0.11056260764598846,0.5647620558738708,3.4524753093719482,0.2441457062959671,0.299350380897522,3.4162371158599854,0.1485864371061325,0.5742607116699219,3.5697150230407715,0.2563569247722626,0.29426509141921997,3.5379340648651123,0.15647868812084198,0.5059121251106262,3.6975131034851074,-0.3983059525489807,0.3328668177127838,3.6560935974121094,-0.5359183549880981
14.4183,pushup,0.4264999032020569,0.3026762306690216,-0.8129438161849976,0.4590202271938324,0.20877361297607422,-0.7736321091651917,0.47854647040367126,0.2050866037607193,-0.7742757797241211,0.49788302183151245,0.2022401988506317,-0.7750605940818787,0.4091213345527649,0.2185829132795334,-0.751673698425293,0.3942430019378662,0.21959882974624634,-0.751128077507019,0.3825809359550476,0.22176015377044678,-0.7520583868026733,0.5351402163505554,0.22179467976093292,-0.4479662775993347,0.3851746916770935,0.23969784379005432,-0.33142125606536865,0.4698639512062073,0.3820507526397705,-0.6887074112892151,0.4061306416988373,0.3869612514972687,-0.655353844165802,0.6647970080375671,0.6569969654083252,-0.28889721632003784,0.26889580488204956,0.6215251088142395,-0.1595403105020523,0.7214843034744263,1.089024543762207,-0.35381418466567993,0.1297072172164917,1.039312720298767,-0.11627908051013947,0.7044270634651184,1.53582763671875,-0.6937837600708008,0.07272379100322723,1.5745761394500732,-0.5692209005355835,0.7337676882743835,1.670980453491211,-0.7975322604179382,0.029892589896917343,1.7121429443359375,-0.6652386784553528,0.7021006345748901,1.6826465129852295,-0.8833961486816406,0.07055343687534332,1.7250502109527588,-0.7532239556312561,0.680188775062561,1.6310275793075562,-0.7498774528503418,0.09480935335159302,1.6805245876312256,-0.6334208846092224,0.5737485289573669,1.712254524230957,-0.08385436236858368,0.3126503825187683,1.7666200399398804,0.08896365761756897,0.5635719299316406,2.6200664043426514,-0.24072226881980896,0.2932087779045105,2.57855486869812,-0.0729004517197609,0.5641131401062012,3.4390907287597656,0.20421075820922852,0.3006303012371063,3.4018375873565674,0.1541709154844284,0.5741617679595947,3.5485775470733643,0.2150612324476242,0.2950989603996277,3.519850254058838,0.15532909333705902,0.5029104948043823,3.681004047393799,-0.4057319164276123,0.33221033215522766,3.6414432525634766,-0.4866252541542053
14.5624,pushup,0.4420124888420105,0.3056705594062805,-0.792477548122406,0.46925705671310425,0.21399256587028503,-0.7523122429847717,0.4855959415435791,0.21065326035022736,-0.7525612115859985,0.5027379393577576,0.2079634964466095,-0.7529693841934204,0.42426761984825134,0.2242768406867981,-0.7424839735031128,0.41020384430885315,0.2260884791612625,-0.7418426275253296,0.3964008092880249,0.2288384586572647,-0.7426011562347412,0.5356400012969971,0.22981946170330048,-0.4280015826225281,0.3937755227088928,0.24822670221328735,-0.3643573820590973,0.479226291179657,0.3832927346229553,-0.6695127487182617,0.4240800440311432,0.39123421907424927,-0.650283932685852,0.6717022657394409,0.677128791809082,-0.22563417255878448,0.2751334309577942,0.6279978156089783,-0.21929164230823517,0.7496846914291382,0.995044469833374,-0.4575456976890564,0.1208992600440979,1.0114893913269043,-0.1992141157388687,0.8071726560592651,1.3028113842010498,-1.1925104856491089,-0.029930677264928818,1.481900930404663,-0.5112332701683044,0.8416033983230591,1.3862643241882324,-1.3344342708587646,-0.08971308916807175,1.5968555212020874,-0.5941441059112549,0.8078216314315796,1.3311731815338135,-1.3590424060821533,-0.06042935326695442,1.614323616027832,-0.6978110074996948,0.7858566045761108,1.318233609199524,-1.2274318933486938,-0.03149506822228432,1.5805662870407104,-0.572860598564148,0.5691035985946655,1.6968528032302856,-0.06280120462179184,0.2964930236339569,1.6826364994049072,0.06811491400003433,0.5588754415512085,2.593886375427246,-0.22096416354179382,0.2864657938480377,2.5688540935516357,-0.08390050381422043,0.5647925138473511,3.418517827987671,0.17853648960590363,0.2962265610694885,3.391733407974243,0.07203947007656097,0.5751675367355347,3.538607120513916,0.18703141808509827,0.29147660732269287,3.5091183185577393,0.06911981105804443,0.5072690844535828,3.65388822555542,-0.40774503350257874,0.32736435532569885,3.6335713863372803,-0.5554133057594299
14.7034,pushup,0.4479907155036926,0.31232497096061707,-1.0062745809555054,0.4764128625392914,0.22210222482681274,-0.945563793182373,0.49107447266578674,0.21823367476463318,-0.9456615447998047,0.5066662430763245,0.21570490300655365,-0.9461714625358582,0.43341264128685,0.2334357649087906,-0.9397410154342651,0.4212205410003662,0.23587970435619354,-0.9390708804130554,0.40791645646095276,0.23849688470363617,-0.9395503997802734,0.5365114212036133,0.23905888199806213,-0.5256201028823853,0.40286320447921753,0.25370439887046814,-0.49884170293807983,0.48268118500709534,0.38536426424980164,-0.8552360534667969,0.42913803458213806,0.3947325050830841,-0.8448654413223267,0.6706913709640503,0.684643030166626,-0.24253258109092712,0.2810606360435486,0.6249338984489441,-0.2724500298500061,0.7467546463012695,1.1663216352462769,-0.19665685296058655,0.09930092096328735,0.9270646572113037,-0.22565825283527374,0.7917696833610535,1.5925731658935547,-0.586316704750061,-0.1080368161201477,1.217612385749817,-0.6917094588279724,0.8239982724189758,1.722404956817627,-0.6856971383094788,-0.17248818278312683,1.2821394205093384,-0.8193339109420776,0.7944830656051636,1.7151751518249512,-0.8000918626785278,-0.1466318815946579,1.2919323444366455,-0.9355102777481079,0.7724801898002625,1.6728854179382324,-0.6564695835113525,-0.11628645658493042,1.2835086584091187,-0.7657555341720581,0.5611623525619507,1.6752897500991821,-0.04759403318166733,0.2996298372745514,1.6679341793060303,0.05206456035375595,0.533494770526886,2.5627634525299072,-0.2305898666381836,0.2784159779548645,2.521695613861084,-0.12582817673683167,0.5344117879867554,3.3852975368499756,0.2530110478401184,0.27901142835617065,3.3436834812164307,0.11656488478183746,0.5418727993965149,3.50362491607666,0.26725631952285767,0.2748867869377136,3.456265926361084,0.11632789671421051,0.4847627282142639,3.5899760723114014,-0.38233813643455505,0.29698193073272705,3.563647508621216,-0.5963250398635864
14.8613,pushup,0.4527161717414856,0.29497185349464417,-0.9943583607673645,0.48271018266677856,0.20821522176265717,-0.9384273290634155,0.49927186965942383,0.20500066876411438,-0.9385643005371094,0.5142414569854736,0.2031082957983017,-0.9388251304626465,0.43726009130477905,0.2155883014202118,-0.9272969365119934,0.4246877133846283,0.21659734845161438,-0.9266324043273926,0.4109582304954529,0.21931907534599304,-0.9271527528762817,0.5439980030059814,0.23046022653579712,-0.5428833961486816,0.4043375551700592,0.2405690997838974,-0.4768122136592865,0.4874832034111023,0.37101373076438904,-0.8504521250724792,0.4315893054008484,0.3790545165538788,-0.8346598744392395,0.673284649848938,0.685386598110199,-0.3504469096660614,0.28110823035240173,0.6097666025161743,-0.1743578016757965,0.7043819427490234,1.0016363859176636,-0.8241362571716309,0.08267437666654587,0.9101247787475586,-0.2511630952358246,0.6939643621444702,1.091431975364685,-1.6793062686920166,-0.13294821977615356,1.2466076612472534,-0.8716422319412231,0.7819722890853882,1.0829312801361084,-1.864811658859253,-0.19867508113384247,1.3385579586029053,-1.0076487064361572,0.6736069917678833,0.9012053608894348,-1.8733934164047241,-0.16575102508068085,1.3297135829925537,-1.1075103282928467,0.6637250781059265,0.9243863224983215,-1.7163680791854858,-0.13384635746479034,1.3121882677078247,-0.9443318247795105,0.5644171237945557,1.6775929927825928,-0.06115378811955452,0.2977619469165802,1.655173897743225,0.06662877649068832,0.5395281910896301,2.565605401992798,-0.22651834785938263,0.277471125125885,2.525283098220825,-0.12077317386865616,0.5404167175292969,3.381700277328491,0.2654065787792206,0.27231842279434204,3.3463199138641357,0.13630223274230957,0.5499463677406311,3.50018572807312,0.2763984799385071,0.2673349678516388,3.4624578952789307,0.139388769865036,0.4847135543823242,3.599616050720215,-0.3745550215244293,0.3011992573738098,3.5720560550689697,-0.5719956755638123
15.0173,pushup,0.4560805857181549,0.25740575790405273,-1.0598036050796509,0.4870670437812805,0.17096289992332458,-1.0187098979949951,0.5048713088035583,0.16871874034404755,-1.0185320377349854,0.519160270690918,0.16795434057712555,-1.0183868408203125,0.4377310872077942,0.17741847038269043,-0.9998335838317871,0.4241207540035248,0.17803043127059937,-0.9990593791007996,0.40946468710899353,0.1792655885219574,-0.9994572401046753,0.5486106872558594,0.19707056879997253,-0.6646252870559692,0.40353789925575256,0.20327980816364288,-0.572970986366272,0.49190813302993774,0.32720011472702026,-0.9210984110832214,0.4310942590236664,0.33448514342308044,-0.8959663510322571,0.6722659468650818,0.6180047988891602,-0.4386471211910248,0.27846604585647583,0.5621910095214844,-0.24029600620269775,0.7498620748519897,1.0297503471374512,-0.7252200841903687,0.046985797584056854,0.8977513909339905,-0.2138075828552246,0.6328660249710083,0.78920578956604,-1.6119887828826904,-0.13922131061553955,1.2608426809310913,-0.468635231256485,0.6098114252090454,0.6467704772949219,-1.47178053855896,-0.19507569074630737,1.3683593273162842,-0.5157182812690735,0.601565420627594,0.5896310806274414,-1.2085764408111572,-0.16526390612125397,1.3625051975250244,-0.6065644025802612,0.5896192789077759,0.6350283622741699,-1.2712196111679077,-0.1366221010684967,1.3411307334899902,-0.5262168645858765,0.5660724639892578,1.6312869787216187,-0.07102133333683014,0.28919655084609985,1.6044553518295288,0.0770118460059166,0.5540928244590759,2.5344460010528564,0.0234408937394619,0.28300124406814575,2.503471851348877,0.14365577697753906,0.5663799047470093,3.3277595043182373,0.7400471568107605,0.2960885167121887,3.3045897483825684,0.664009690284729,0.5768776535987854,3.4352986812591553,0.7804349064826965,0.2889544367790222,3.4113786220550537,0.7024807333946228,0.5163127183914185,3.5737435817718506,0.17792613804340363,0.34040528535842896,3.554070472717285,0.017177946865558624
15.1752,pushup,0.46100497245788574,0.07231947779655457,-1.014453649520874,0.49604684114456177,-0.011158670298755169,-0.9603835344314575,0.5145596265792847,-0.008315579034388065,-0.960128128528595,0.5285394191741943,-0.0031392157543450594,-0.9605682492256165,0.4396170973777771,-0.015493524260818958,-0.956879734992981,0.4236835539340973,-0.0171147920191288,-0.9559561610221863,0.4082302153110504,-0.01785707287490368,-0.9563742876052856,0.5593427419662476,0.04614192247390747,-0.5664664506912231,0.40007883310317993,0.021564684808254242,-0.5427916049957275,0.49615731835365295,0.16540686786174774,-0.865014910697937,0.4306744933128357,0.1640300452709198,-0.858013927936554,0.6615906953811646,0.4622919261455536,-0.3561479151248932,0.2579580247402191,0.4189322888851166,-0.32130542397499084,0.7614980936050415,0.9840272068977356,-0.28732362389564514,0.029586147516965866,0.8618742823600769,-0.38755002617836,0.8209900856018066,1.3506529331207275,-0.6466226577758789,-0.14275313913822174,1.278260588645935,-0.9562982320785522,0.8674595952033997,1.4825592041015625,-0.7413206100463867,-0.20371444523334503,1.3871339559555054,-1.0835258960723877,0.8353083729743958,1.5015432834625244,-0.8198832273483276,-0.16526278853416443,1.3964920043945312,-1.2059473991394043,0.80596524477005,1.4556206464767456,-0.6977919340133667,-0.1347985565662384,1.3600094318389893,-1.0304404497146606,0.5500627756118774,1.509474515914917,-0.060606010258197784,0.2900593876838684,1.545139193534851,0.06648372113704681,0.5440266132354736,2.4716756343841553,0.07358132302761078,0.25886568427085876,2.4502720832824707,0.12933160364627838,0.5378245115280151,3.257086753845215,0.8382936716079712,0.2459731101989746,3.237889289855957,0.671481192111969,0.5429176688194275,3.379041910171509,0.8776203989982605,0.23099491000175476,3.3569984436035156,0.7059980034828186,0.49284443259239197,3.498891592025757,0.2573590874671936,0.2898486256599426,3.4870147705078125,0.0011876376811414957
15.326,pushup,0.46023327112197876,0.07947738468647003,-1.0828646421432495,0.4962630271911621,-0.01405749749392271,-1.0314745903015137,0.5163184404373169,-0.011734235100448132,-1.0311740636825562,0.5309580564498901,-0.007005780935287476,-1.0309295654296875,0.43822869658470154,-0.01329681184142828,-1.016892910003662,0.4182247519493103,-0.013484186492860317,-1.0160807371139526,0.4019710123538971,-0.012950841337442398,-1.0164002180099487,0.5656033754348755,0.042796794325113297,-0.6362794637680054,0.3909792900085449,0.026970813050866127,-0.5670255422592163,0.49578946828842163,0.1680373102426529,-0.9361192584037781,0.42532142996788025,0.1684703677892685,-0.9161890149116516,0.6700284481048584,0.4985731244087219,-0.41719669103622437,0.2528916001319885,0.4420781433582306,-0.28112611174583435,0.7845432162284851,1.0663390159606934,-0.9484801292419434,0.0067526800557971,0.8747591376304626,-0.33107656240463257,0.6726012229919434,0.7750511765480042,-1.6924352645874023,-0.1766282021999359,1.2955402135849,-0.8499259948730469,0.662666380405426,0.6353694200515747,-1.8599447011947632,-0.24281153082847595,1.4349031448364258,-0.9554568529129028,0.6537049412727356,0.5652729272842407,-1.7452020645141602,-0.20143981277942657,1.4247570037841797,-1.0612971782684326,0.6323420405387878,0.6106696724891663,-1.6736867427825928,-0.16786623001098633,1.3912756443023682,-0.9182702302932739,0.551841139793396,1.5473741292953491,-0.08254430443048477,0.2876594662666321,1.5617327690124512,0.08907366544008255,0.5457111597061157,2.5104591846466064,-0.01993037946522236,0.2530815303325653,2.4785263538360596,0.21777360141277313,0.5443299412727356,3.3042795658111572,0.7176876664161682,0.2499665468931198,3.273789405822754,0.7682127356529236,0.5506907105445862,3.4248769283294678,0.7568985223770142,0.23822443187236786,3.391153573989868,0.8073698878288269,0.5000743865966797,3.5646605491638184,0.12384643405675888,0.2862167954444885,3.5479214191436768,0.10514695942401886
15.4597,pushup,0.4566890299320221,0.11064956337213516,-0.9070464372634888,0.48944002389907837,0.014724241569638252,-0.8587638735771179,0.508840799331665,0.02006293460726738,-0.8588449358940125,0.525269627571106,0.026913536712527275,-0.8590691685676575,0.43540865182876587,0.014642803929746151,-0.8456302881240845,0.4160882830619812,0.014739990234375,-0.8450762033462524,0.400490939617157,0.01276242733001709,-0.8456657528877258,0.5563633441925049,0.07359828054904938,-0.5184974074363708,0.3906140923500061,0.05851593613624573,-0.44066542387008667,0.4937746524810791,0.19985847175121307,-0.7828252911567688,0.4245205819606781,0.197877898812294,-0.759064257144928,0.669863224029541,0.510261595249176,-0.35753822326660156,0.2536875307559967,0.45780259370803833,-0.2731092870235443,0.7609680891036987,0.9647911787033081,-0.5716748833656311,0.018475709483027458,0.8749026656150818,-0.27969563007354736,0.8138629794120789,1.2273379564285278,-1.153665542602539,-0.1972312480211258,1.2547805309295654,-0.6235925555229187,0.8609479069709778,1.3368769884109497,-1.2829766273498535,-0.27701660990715027,1.3439545631408691,-0.7100809812545776,0.8265239000320435,1.33280348777771,-1.4235976934432983,-0.2503206729888916,1.3629873991012573,-0.8239947557449341,0.8004776239395142,1.2998160123825073,-1.2259376049041748,-0.21464569866657257,1.3416461944580078,-0.6942099332809448,0.5534029006958008,1.5724824666976929,-0.05632401257753372,0.2940870225429535,1.605734944343567,0.06172983720898628,0.5470067262649536,2.480659246444702,0.01117684505879879,0.26534247398376465,2.4715750217437744,0.14631828665733337,0.5524979829788208,3.2826738357543945,0.6353644728660583,0.268740177154541,3.2814323902130127,0.41954249143600464,0.5605663657188416,3.408893585205078,0.6674267053604126,0.251846045255661,3.4008727073669434,0.4352666437625885,0.5138627886772156,3.5197055339813232,0.11584434658288956,0.3211018443107605,3.5377469062805176,-0.16717302799224854
15.621,pushup,0.4548315107822418,0.12836207449436188,-0.8420599699020386,0.4867057204246521,0.03306911885738373,-0.7931856513023376,0.5064249634742737,0.037241365760564804,-0.793172299861908,0.5234101414680481,0.04219404608011246,-0.7937716245651245,0.4335295259952545,0.030910346657037735,-0.7888575792312622,0.41426047682762146,0.029068738222122192,-0.7882600426673889,0.3986210823059082,0.023630689829587936,-0.78864586353302,0.5539278388023376,0.08394528925418854,-0.4751695692539215,0.3892456591129303,0.06853140890598297,-0.42758727073669434,0.4931744933128357,0.2144797146320343,-0.724778950214386,0.42268458008766174,0.21039150655269623,-0.7115711569786072,0.6738647222518921,0.5369063019752502,-0.330633282661438,0.25272688269615173,0.48050040006637573,-0.3101721405982971,0.7614566683769226,0.9939719438552856,-0.31966114044189453,0.0529429130256176,0.9084622859954834,-0.30909162759780884,0.8484533429145813,1.5432205200195312,-0.6460691690444946,-0.17112721502780914,1.2619659900665283,-0.7352456450462341,0.8954261541366577,1.6891732215881348,-0.737083911895752,-0.2523884177207947,1.3248956203460693,-0.850326657295227,0.8533800840377808,1.7034333944320679,-0.8237124681472778,-0.2238386869430542,1.344764232635498,-0.9875267744064331,0.8263115882873535,1.6549108028411865,-0.703370988368988,-0.185208261013031,1.3329603672027588,-0.8137742280960083,0.5567903518676758,1.5906634330749512,-0.04876725748181343,0.30334925651550293,1.6565170288085938,0.053636334836483,0.5532824993133545,2.4872350692749023,-0.003514539450407028,0.280737042427063,2.4747090339660645,0.07174532115459442,0.5600475072860718,3.291276693344116,0.6575781106948853,0.28641682863235474,3.2860732078552246,0.40974053740501404,0.569717288017273,3.4165453910827637,0.683307409286499,0.2752757966518402,3.4070138931274414,0.42711418867111206,0.5158472061157227,3.526979684829712,0.09112868458032608,0.32538872957229614,3.5346224308013916,-0.179257333278656
15.7567,pushup,0.45414820313453674,0.13518628478050232,-0.6688129305839539,0.48637810349464417,0.038992393761873245,-0.6354234218597412,0.5063541531562805,0.04390116035938263,-0.635026216506958,0.5233069658279419,0.04851618409156799,-0.634833574295044,0.4315251410007477,0.036026857793331146,-0.6142506003379822,0.4114549160003662,0.03509971871972084,-0.6133114695549011,0.39611130952835083,0.031030097976326942,-0.6135869026184082,0.5536481142044067,0.0866396576166153,-0.3501341938972473,0.3865554928779602,0.07407423853874207,-0.24354343116283417,0.49273523688316345,0.222970649600029,-0.560183048248291,0.4210115075111389,0.2259620726108551,-0.5304027795791626,0.6738234162330627,0.543696939945221,-0.23656389117240906,0.2519894540309906,0.5046944618225098,-0.061300069093704224,0.7800854444503784,1.055263638496399,-0.6568093299865723,0.11241193115711212,1.0070581436157227,-0.1086389571428299,0.668644368648529,0.776141881942749,-1.156962275505066,0.05362211912870407,1.5400445461273193,-0.5245077013969421,0.6463689208030701,0.6383715271949768,-1.2854143381118774,0.008497102186083794,1.6953085660934448,-0.5855511426925659,0.6400421857833862,0.5780861973762512,-1.1564784049987793,0.04878281429409981,1.6879479885101318,-0.6650220155715942,0.6263433694839478,0.6230111122131348,-1.2271873950958252,0.07628156244754791,1.6408655643463135,-0.5750200152397156,0.5748752355575562,1.615368366241455,-0.08413262665271759,0.31156298518180847,1.6598917245864868,0.08946999162435532,0.5701460242271423,2.5318922996520996,-0.043138537555933,0.29399406909942627,2.5068700313568115,0.1533443033695221,0.5744805932044983,3.3226239681243896,0.5228099822998047,0.30914461612701416,3.303027629852295,0.521916389465332,0.5849133729934692,3.4351093769073486,0.5514627695083618,0.30158281326293945,3.4179277420043945,0.5505602955818176,0.528662383556366,3.5769500732421875,-0.0016843590419739485,0.35037437081336975,3.570390224456787,-0.02762066200375557
15.9035,pushup,0.4480622410774231,0.15246279537677765,-0.7127835154533386,0.4815806746482849,0.05176699534058571,-0.675566554069519,0.5015910863876343,0.05377086624503136,-0.6753232479095459,0.5199055075645447,0.05602320656180382,-0.674981415271759,0.4237893521785736,0.05490662902593613,-0.653152346611023,0.4038161337375641,0.05770832300186157,-0.6522881388664246,0.39047759771347046,0.05781030282378197,-0.6526519656181335,0.5506809949874878,0.09108874946832657,-0.37245815992355347,0.38022300601005554,0.09106211364269257,-0.2602689266204834,0.48936644196510315,0.24064725637435913,-0.597823977470398,0.41462627053260803,0.24686577916145325,-0.5670814514160156,0.67368084192276,0.5389995574951172,-0.2352079600095749,0.25273165106773376,0.5263127684593201,-0.047113798558712006,0.7904766798019409,1.115139365196228,-0.6799801588058472,0.12599407136440277,1.0601130723953247,0.006270315498113632,0.6180731654167175,0.6378439664840698,-1.1272542476654053,0.07525746524333954,1.6128952503204346,-0.30794602632522583,0.5752814412117004,0.47742021083831787,-1.2417676448822021,0.03418279066681862,1.7737659215927124,-0.3473612070083618,0.5750623941421509,0.4403170645236969,-1.0967113971710205,0.06644122302532196,1.7653155326843262,-0.4352351129055023,0.5751299262046814,0.487371563911438,-1.1596593856811523,0.09301607310771942,1.7163238525390625,-0.3587788939476013,0.5958990454673767,1.6506175994873047,-0.10191375017166138,0.3269626200199127,1.6735599040985107,0.10717841237783432,0.5913993716239929,2.5719056129455566,-0.06154882162809372,0.30944809317588806,2.5487797260284424,0.1661691963672638,0.5991678237915039,3.3582892417907715,0.5342708230018616,0.3312780559062958,3.346689462661743,0.5723043084144592,0.6111871004104614,3.4615631103515625,0.5693966150283813,0.32496824860572815,3.45861554145813,0.6030299067497253,0.5522893071174622,3.627509593963623,0.02899046242237091,0.3766987919807434,3.61539888381958,-0.004144355654716492
16.0622,pushup,0.4395478367805481,0.17084668576717377,-0.7695986032485962,0.4733549952507019,0.06627355515956879,-0.73871910572052,0.49393779039382935,0.06552223116159439,-0.7384923100471497,0.5138883590698242,0.06464099884033203,-0.7379897832870483,0.4141784608364105,0.07562537491321564,-0.6998439431190491,0.3962872624397278,0.07947364449501038,-0.6989122629165649,0.38303375244140625,0.0821235328912735,-0.6992875933647156,0.545616090297699,0.09445584565401077,-0.4163803458213806,0.37485650181770325,0.10679465532302856,-0.29737555980682373,0.48350539803504944,0.2582694888114929,-0.6435843110084534,0.4087013304233551,0.26500940322875977,-0.5846823453903198,0.6723031997680664,0.5373955368995667,-0.27364519238471985,0.2520211338996887,0.537402331829071,-0.052098728716373444,0.7919937372207642,1.1139671802520752,-0.8123502731323242,0.12470831722021103,1.070919394493103,-0.018606603145599365,0.5988773107528687,0.6546424627304077,-1.356733798980713,0.06410513818264008,1.6419697999954224,-0.41693487763404846,0.5557984709739685,0.4855624735355377,-1.4956982135772705,0.018543049693107605,1.8054866790771484,-0.47587424516677856,0.5554434061050415,0.4294512867927551,-1.3473786115646362,0.05270254611968994,1.7957409620285034,-0.5751396417617798,0.5576183199882507,0.4902431070804596,-1.3225884437561035,0.08145235478878021,1.7450436353683472,-0.47414666414260864,0.5975695848464966,1.6550979614257812,-0.12932172417640686,0.32857435941696167,1.6755038499832153,0.13430936634540558,0.5974583029747009,2.5754544734954834,-0.06477280706167221,0.31404805183410645,2.5594072341918945,0.23845148086547852,0.6093329787254333,3.369729995727539,0.5868467092514038,0.34138673543930054,3.364638328552246,0.7211511731147766,0.6216731071472168,3.473459482192993,0.62291419506073,0.3370034694671631,3.4779114723205566,0.7582792043685913,0.5627561807632446,3.641935110092163,0.036010824143886566,0.3857228755950928,3.632207155227661,0.10969305038452148
16.2319,pushup,0.4370799958705902,0.17682074010372162,-0.7462713718414307,0.46710070967674255,0.0735248252749443,-0.7057905793190002,0.48760491609573364,0.07110898941755295,-0.7059542536735535,0.5078655481338501,0.06793273985385895,-0.7060738801956177,0.40974488854408264,0.08692468702793121,-0.7010465860366821,0.39294955134391785,0.09202758222818375,-0.7005846500396729,0.3801085352897644,0.09697559475898743,-0.7013161778450012,0.5385121703147888,0.0954573005437851,-0.396146684885025,0.3722365200519562,0.12025679647922516,-0.363579124212265,0.4817570149898529,0.26027074456214905,-0.6277142763137817,0.4084678590297699,0.2721439599990845,-0.614359974861145,0.6679285764694214,0.5614622235298157,-0.18444891273975372,0.2512171268463135,0.5416759252548218,-0.22264191508293152,0.7582562565803528,0.9904134273529053,-0.4688350558280945,0.1247062236070633,1.0608786344528198,-0.227190300822258,0.7648985385894775,1.1636887788772583,-1.0663588047027588,0.14113502204418182,1.6221626996994019,-0.5989925861358643,0.782820463180542,1.1664456129074097,-1.2203433513641357,0.1256312131881714,1.7764675617218018,-0.6947296857833862,0.7848291993141174,1.1412991285324097,-1.2029880285263062,0.1709478199481964,1.7624913454055786,-0.7809497117996216,0.7407324910163879,1.1428370475769043,-1.0944194793701172,0.1860738843679428,1.710464596748352,-0.6466416120529175,0.5913373827934265,1.62797212600708,-0.07895073294639587,0.3250497579574585,1.6788877248764038,0.083274245262146,0.5962667465209961,2.532097339630127,-0.034946393221616745,0.31648388504981995,2.5514402389526367,0.06388822197914124,0.6096009612083435,3.3484528064727783,0.5578656792640686,0.34457170963287354,3.3597302436828613,0.39723140001296997,0.6183974146842957,3.464728355407715,0.5853659510612488,0.3399926424026489,3.475552797317505,0.41811928153038025,0.5678465962409973,3.61126708984375,0.04258899390697479,0.3932896554470062,3.6131577491760254,-0.18680882453918457
16.3906,pushup,0.42553409934043884,0.1769254356622696,-0.9880818128585815,0.4558106064796448,0.07444585114717484,-0.9395688772201538,0.47699102759361267,0.07194249331951141,-0.939741313457489,0.4977388381958008,0.06889576464891434,-0.9401766061782837,0.3988112807273865,0.08826068788766861,-0.9287396669387817,0.384147584438324,0.09383241832256317,-0.9281277656555176,0.37045982480049133,0.09904609620571136,-0.9286176562309265,0.5318496823310852,0.09540292620658875,-0.5689336657524109,0.36571478843688965,0.12253573536872864,-0.49554482102394104,0.4727977216243744,0.2603124678134918,-0.8468526005744934,0.40033572912216187,0.27248066663742065,-0.8255809545516968,0.6712149977684021,0.5731649994850159,-0.3433559536933899,0.24591560661792755,0.5432488918304443,-0.31158536672592163,0.7503761053085327,1.027641773223877,-0.30948206782341003,0.12137790769338608,1.0542006492614746,-0.2816457450389862,0.7837679386138916,1.6410088539123535,-0.6354818344116211,0.0989559143781662,1.5989704132080078,-0.7650796175003052,0.8242244720458984,1.7967015504837036,-0.7461186051368713,0.07010365277528763,1.7465964555740356,-0.8871795535087585,0.7832894921302795,1.8255535364151,-0.820733904838562,0.11723818629980087,1.7459533214569092,-0.9927360415458679,0.7574528455734253,1.7613203525543213,-0.6850904226303101,0.13411131501197815,1.6932215690612793,-0.8260804414749146,0.5908229351043701,1.667880892753601,-0.09347594529390335,0.32310643792152405,1.708908200263977,0.09772093594074249,0.5945094227790833,2.532395362854004,0.023236874490976334,0.3141351640224457,2.551060676574707,0.2641370892524719,0.594200849533081,3.334381103515625,0.8046466708183289,0.3219905495643616,3.353853702545166,0.8635340929031372,0.6025030016899109,3.457249641418457,0.8504031300544739,0.3160739839076996,3.4774162769317627,0.9088013768196106,0.5366247296333313,3.595585346221924,0.2517607510089874,0.35897141695022583,3.5978472232818604,0.24775537848472595
